{
    "total": [
        {
            "id": "1074281870",
            "count": 0
        },
        {
            "id": "1151048980",
            "count": 0
        },
        {
            "id": "1162050272",
            "count": 0
        },
        {
            "id": "1270787329",
            "count": 0
        },
        {
            "id": "1334285798",
            "count": 0
        },
        {
            "id": "1489675800",
            "count": 0
        },
        {
            "id": "1631016269",
            "count": 0
        },
        {
            "id": "1824557330",
            "count": 0
        },
        {
            "id": "61550029390255",
            "count": 0
        },
        {
            "id": "61550069737865",
            "count": 0
        },
        {
            "id": "61550836846039",
            "count": 0
        },
        {
            "id": "61550962658401",
            "count": 0
        },
        {
            "id": "61552097327563",
            "count": 0
        },
        {
            "id": "61552161478075",
            "count": 0
        },
        {
            "id": "61552728041980",
            "count": 0
        },
        {
            "id": "61554102537426",
            "count": 0
        },
        {
            "id": "61554232212387",
            "count": 0
        },
        {
            "id": "61554413423634",
            "count": 0
        },
        {
            "id": "61554476535541",
            "count": 0
        },
        {
            "id": "61554491365526",
            "count": 0
        },
        {
            "id": "61554620715942",
            "count": 6
        },
        {
            "id": "61554980226255",
            "count": 0
        },
        {
            "id": "61555584331073",
            "count": 0
        },
        {
            "id": "61555801335403",
            "count": 0
        },
        {
            "id": "61555879201101",
            "count": 0
        },
        {
            "id": "61555903830473",
            "count": 0
        },
        {
            "id": "61555968525167",
            "count": 0
        },
        {
            "id": "61556172547313",
            "count": 0
        },
        {
            "id": "61556412672355",
            "count": 0
        },
        {
            "id": "61557392767562",
            "count": 0
        },
        {
            "id": "61557465006596",
            "count": 0
        },
        {
            "id": "61557491458948",
            "count": 0
        },
        {
            "id": "61557511844986",
            "count": 0
        },
        {
            "id": "61557535375623",
            "count": 0
        },
        {
            "id": "61557543538603",
            "count": 0
        },
        {
            "id": "61557787947989",
            "count": 0
        },
        {
            "id": "61558026587825",
            "count": 0
        },
        {
            "id": "61558508996237",
            "count": 0
        },
        {
            "id": "61558538221219",
            "count": 0
        },
        {
            "id": "61558691518366",
            "count": 0
        },
        {
            "id": "61558740718763",
            "count": 0
        },
        {
            "id": "61559056566583",
            "count": 0
        },
        {
            "id": "61559191539569",
            "count": 1
        },
        {
            "id": "61559202959520",
            "count": 0
        },
        {
            "id": "61559299354362",
            "count": 0
        },
        {
            "id": "61559609205525",
            "count": 0
        },
        {
            "id": "61559784001787",
            "count": 0
        },
        {
            "id": "61559791946211",
            "count": 0
        },
        {
            "id": "61559819535232",
            "count": 0
        },
        {
            "id": "61559826159379",
            "count": 0
        },
        {
            "id": "61559847404066",
            "count": 0
        },
        {
            "id": "61559885227835",
            "count": 0
        },
        {
            "id": "61559946639364",
            "count": 0
        },
        {
            "id": "61559948758595",
            "count": 0
        },
        {
            "id": "61560007723175",
            "count": 0
        },
        {
            "id": "61560011177115",
            "count": 0
        },
        {
            "id": "61560056462579",
            "count": 3
        },
        {
            "id": "61560082386400",
            "count": 0
        },
        {
            "id": "61560120277646",
            "count": 0
        },
        {
            "id": "61560179044114",
            "count": 0
        },
        {
            "id": "61560226303064",
            "count": 0
        },
        {
            "id": "61560253593251",
            "count": 0
        },
        {
            "id": "61560299746623",
            "count": 0
        },
        {
            "id": "61560303750962",
            "count": 0
        },
        {
            "id": "61560310230589",
            "count": 0
        },
        {
            "id": "61560336212961",
            "count": 0
        },
        {
            "id": "61560348435660",
            "count": 0
        },
        {
            "id": "61560365843222",
            "count": 0
        },
        {
            "id": "61560378557325",
            "count": 0
        },
        {
            "id": "61560395143700",
            "count": 0
        },
        {
            "id": "61560396145592",
            "count": 0
        },
        {
            "id": "61560459479211",
            "count": 0
        },
        {
            "id": "61560466048695",
            "count": 0
        },
        {
            "id": "61560480427257",
            "count": 0
        },
        {
            "id": "61560495700956",
            "count": 0
        },
        {
            "id": "61560500079066",
            "count": 0
        },
        {
            "id": "61560524391499",
            "count": 0
        },
        {
            "id": "61560538974567",
            "count": 0
        },
        {
            "id": "61560539241554",
            "count": 0
        },
        {
            "id": "61560557963979",
            "count": 0
        },
        {
            "id": "61560562555923",
            "count": 0
        },
        {
            "id": "61560565831976",
            "count": 7
        },
        {
            "id": "61560768540500",
            "count": 0
        },
        {
            "id": "61560769867326",
            "count": 0
        },
        {
            "id": "61560810777107",
            "count": 0
        },
        {
            "id": "61560814022292",
            "count": 0
        },
        {
            "id": "61560835693888",
            "count": 0
        },
        {
            "id": "61560855728440",
            "count": 0
        },
        {
            "id": "61560888246743",
            "count": 0
        },
        {
            "id": "61560897282391",
            "count": 0
        },
        {
            "id": "61560898555280",
            "count": 0
        },
        {
            "id": "61560901019783",
            "count": 0
        },
        {
            "id": "61561014425567",
            "count": 0
        },
        {
            "id": "61561017428746",
            "count": 0
        },
        {
            "id": "61561023902681",
            "count": 0
        },
        {
            "id": "61561130859334",
            "count": 0
        },
        {
            "id": "61561145224385",
            "count": 0
        },
        {
            "id": "61561171259534",
            "count": 0
        },
        {
            "id": "61561241245558",
            "count": 0
        },
        {
            "id": "61561338590133",
            "count": 0
        },
        {
            "id": "61561400514605",
            "count": 0
        },
        {
            "id": "61561480104788",
            "count": 0
        },
        {
            "id": "61561480602025",
            "count": 0
        },
        {
            "id": "61561482763717",
            "count": 1
        },
        {
            "id": "61561504684695",
            "count": 6
        },
        {
            "id": "61561577703502",
            "count": 0
        },
        {
            "id": "61561675833300",
            "count": 0
        },
        {
            "id": "61561894881833",
            "count": 0
        },
        {
            "id": "61562078841310",
            "count": 0
        },
        {
            "id": "100000091371004",
            "count": 0
        },
        {
            "id": "100000180546782",
            "count": 0
        },
        {
            "id": "100000493975005",
            "count": 0
        },
        {
            "id": "100000975916829",
            "count": 0
        },
        {
            "id": "100001134374202",
            "count": 0
        },
        {
            "id": "100001378940139",
            "count": 0
        },
        {
            "id": "100002069461985",
            "count": 0
        },
        {
            "id": "100002410780054",
            "count": 0
        },
        {
            "id": "100002694023790",
            "count": 0
        },
        {
            "id": "100008884051303",
            "count": 0
        },
        {
            "id": "100009713618289",
            "count": 0
        },
        {
            "id": "100015708247902",
            "count": 0
        },
        {
            "id": "100016695791997",
            "count": 0
        },
        {
            "id": "100024487176902",
            "count": 0
        },
        {
            "id": "100024871212620",
            "count": 0
        },
        {
            "id": "100030954885607",
            "count": 0
        },
        {
            "id": "100034091254428",
            "count": 0
        },
        {
            "id": "100035784397586",
            "count": 0
        },
        {
            "id": "100037593563528",
            "count": 0
        },
        {
            "id": "100038791595043",
            "count": 0
        },
        {
            "id": "100040761302134",
            "count": 0
        },
        {
            "id": "100045304601411",
            "count": 0
        },
        {
            "id": "100047152010637",
            "count": 0
        },
        {
            "id": "100047541426767",
            "count": 0
        },
        {
            "id": "100048031278514",
            "count": 0
        },
        {
            "id": "100048286966787",
            "count": 0
        },
        {
            "id": "100052779910091",
            "count": 0
        },
        {
            "id": "100053218521866",
            "count": 0
        },
        {
            "id": "100053800224181",
            "count": 0
        },
        {
            "id": "100054303594421",
            "count": 0
        },
        {
            "id": "100055154154050",
            "count": 0
        },
        {
            "id": "100057833711440",
            "count": 0
        },
        {
            "id": "100058065219533",
            "count": 0
        },
        {
            "id": "100059359812049",
            "count": 0
        },
        {
            "id": "100063511596412",
            "count": 0
        },
        {
            "id": "100063600331393",
            "count": 0
        },
        {
            "id": "100064278264751",
            "count": 0
        },
        {
            "id": "100066466111271",
            "count": 0
        },
        {
            "id": "100067508386723",
            "count": 0
        },
        {
            "id": "100067881642043",
            "count": 0
        },
        {
            "id": "100068154438111",
            "count": 0
        },
        {
            "id": "100069734055968",
            "count": 19
        },
        {
            "id": "100069770504095",
            "count": 0
        },
        {
            "id": "100073559550939",
            "count": 0
        },
        {
            "id": "100073716161851",
            "count": 0
        },
        {
            "id": "100074937832297",
            "count": 0
        },
        {
            "id": "100075257589006",
            "count": 0
        },
        {
            "id": "100075483583874",
            "count": 0
        },
        {
            "id": "100075749109250",
            "count": 0
        },
        {
            "id": "100075871086404",
            "count": 0
        },
        {
            "id": "100075885595966",
            "count": 0
        },
        {
            "id": "100076638397915",
            "count": 0
        },
        {
            "id": "100077357784642",
            "count": 0
        },
        {
            "id": "100079027159606",
            "count": 0
        },
        {
            "id": "100079577807941",
            "count": 0
        },
        {
            "id": "100080476122191",
            "count": 0
        },
        {
            "id": "100081603604500",
            "count": 0
        },
        {
            "id": "100082668132301",
            "count": 0
        },
        {
            "id": "100083353947585",
            "count": 0
        },
        {
            "id": "100084035917282",
            "count": 0
        },
        {
            "id": "100084142453798",
            "count": 0
        },
        {
            "id": "100084196257689",
            "count": 0
        },
        {
            "id": "100084794796348",
            "count": 0
        },
        {
            "id": "100085924904310",
            "count": 0
        },
        {
            "id": "100086103895193",
            "count": 0
        },
        {
            "id": "100086760823353",
            "count": 0
        },
        {
            "id": "100088397235506",
            "count": 0
        },
        {
            "id": "100088968683732",
            "count": 0
        },
        {
            "id": "100089195796584",
            "count": 0
        },
        {
            "id": "100089817754991",
            "count": 7
        },
        {
            "id": "100089947783039",
            "count": 0
        },
        {
            "id": "100090073282948",
            "count": 0
        },
        {
            "id": "100090083860810",
            "count": 0
        },
        {
            "id": "100090095755829",
            "count": 0
        },
        {
            "id": "100090794779367",
            "count": 0
        },
        {
            "id": "100090936696078",
            "count": 0
        },
        {
            "id": "100091738788586",
            "count": 0
        },
        {
            "id": "100091819506354",
            "count": 0
        },
        {
            "id": "100092175162232",
            "count": 0
        },
        {
            "id": "100092689910250",
            "count": 0
        },
        {
            "id": "100092744481406",
            "count": 0
        },
        {
            "id": "100094314882749",
            "count": 0
        },
        {
            "id": "100094868498766",
            "count": 0
        },
        {
            "id": "100095339863319",
            "count": 0
        }
    ],
    "week": [
        {
            "id": "1074281870",
            "count": 0
        },
        {
            "id": "1151048980",
            "count": 0
        },
        {
            "id": "1162050272",
            "count": 0
        },
        {
            "id": "1270787329",
            "count": 0
        },
        {
            "id": "1334285798",
            "count": 0
        },
        {
            "id": "1489675800",
            "count": 0
        },
        {
            "id": "1631016269",
            "count": 0
        },
        {
            "id": "1824557330",
            "count": 0
        },
        {
            "id": "61550029390255",
            "count": 0
        },
        {
            "id": "61550069737865",
            "count": 0
        },
        {
            "id": "61550836846039",
            "count": 0
        },
        {
            "id": "61550962658401",
            "count": 0
        },
        {
            "id": "61552097327563",
            "count": 0
        },
        {
            "id": "61552161478075",
            "count": 0
        },
        {
            "id": "61552728041980",
            "count": 0
        },
        {
            "id": "61554102537426",
            "count": 0
        },
        {
            "id": "61554232212387",
            "count": 0
        },
        {
            "id": "61554413423634",
            "count": 0
        },
        {
            "id": "61554476535541",
            "count": 0
        },
        {
            "id": "61554491365526",
            "count": 0
        },
        {
            "id": "61554620715942",
            "count": 6
        },
        {
            "id": "61554980226255",
            "count": 0
        },
        {
            "id": "61555584331073",
            "count": 0
        },
        {
            "id": "61555801335403",
            "count": 0
        },
        {
            "id": "61555879201101",
            "count": 0
        },
        {
            "id": "61555903830473",
            "count": 0
        },
        {
            "id": "61555968525167",
            "count": 0
        },
        {
            "id": "61556172547313",
            "count": 0
        },
        {
            "id": "61556412672355",
            "count": 0
        },
        {
            "id": "61557392767562",
            "count": 0
        },
        {
            "id": "61557465006596",
            "count": 0
        },
        {
            "id": "61557491458948",
            "count": 0
        },
        {
            "id": "61557511844986",
            "count": 0
        },
        {
            "id": "61557535375623",
            "count": 0
        },
        {
            "id": "61557543538603",
            "count": 0
        },
        {
            "id": "61557787947989",
            "count": 0
        },
        {
            "id": "61558026587825",
            "count": 0
        },
        {
            "id": "61558508996237",
            "count": 0
        },
        {
            "id": "61558538221219",
            "count": 0
        },
        {
            "id": "61558691518366",
            "count": 0
        },
        {
            "id": "61558740718763",
            "count": 0
        },
        {
            "id": "61559056566583",
            "count": 0
        },
        {
            "id": "61559191539569",
            "count": 1
        },
        {
            "id": "61559202959520",
            "count": 0
        },
        {
            "id": "61559299354362",
            "count": 0
        },
        {
            "id": "61559609205525",
            "count": 0
        },
        {
            "id": "61559784001787",
            "count": 0
        },
        {
            "id": "61559791946211",
            "count": 0
        },
        {
            "id": "61559819535232",
            "count": 0
        },
        {
            "id": "61559826159379",
            "count": 0
        },
        {
            "id": "61559847404066",
            "count": 0
        },
        {
            "id": "61559885227835",
            "count": 0
        },
        {
            "id": "61559946639364",
            "count": 0
        },
        {
            "id": "61559948758595",
            "count": 0
        },
        {
            "id": "61560007723175",
            "count": 0
        },
        {
            "id": "61560011177115",
            "count": 0
        },
        {
            "id": "61560056462579",
            "count": 3
        },
        {
            "id": "61560082386400",
            "count": 0
        },
        {
            "id": "61560120277646",
            "count": 0
        },
        {
            "id": "61560179044114",
            "count": 0
        },
        {
            "id": "61560226303064",
            "count": 0
        },
        {
            "id": "61560253593251",
            "count": 0
        },
        {
            "id": "61560299746623",
            "count": 0
        },
        {
            "id": "61560303750962",
            "count": 0
        },
        {
            "id": "61560310230589",
            "count": 0
        },
        {
            "id": "61560336212961",
            "count": 0
        },
        {
            "id": "61560348435660",
            "count": 0
        },
        {
            "id": "61560365843222",
            "count": 0
        },
        {
            "id": "61560378557325",
            "count": 0
        },
        {
            "id": "61560395143700",
            "count": 0
        },
        {
            "id": "61560396145592",
            "count": 0
        },
        {
            "id": "61560459479211",
            "count": 0
        },
        {
            "id": "61560466048695",
            "count": 0
        },
        {
            "id": "61560480427257",
            "count": 0
        },
        {
            "id": "61560495700956",
            "count": 0
        },
        {
            "id": "61560500079066",
            "count": 0
        },
        {
            "id": "61560524391499",
            "count": 0
        },
        {
            "id": "61560538974567",
            "count": 0
        },
        {
            "id": "61560539241554",
            "count": 0
        },
        {
            "id": "61560557963979",
            "count": 0
        },
        {
            "id": "61560562555923",
            "count": 0
        },
        {
            "id": "61560565831976",
            "count": 7
        },
        {
            "id": "61560768540500",
            "count": 0
        },
        {
            "id": "61560769867326",
            "count": 0
        },
        {
            "id": "61560810777107",
            "count": 0
        },
        {
            "id": "61560814022292",
            "count": 0
        },
        {
            "id": "61560835693888",
            "count": 0
        },
        {
            "id": "61560855728440",
            "count": 0
        },
        {
            "id": "61560888246743",
            "count": 0
        },
        {
            "id": "61560897282391",
            "count": 0
        },
        {
            "id": "61560898555280",
            "count": 0
        },
        {
            "id": "61560901019783",
            "count": 0
        },
        {
            "id": "61561014425567",
            "count": 0
        },
        {
            "id": "61561017428746",
            "count": 0
        },
        {
            "id": "61561023902681",
            "count": 0
        },
        {
            "id": "61561130859334",
            "count": 0
        },
        {
            "id": "61561145224385",
            "count": 0
        },
        {
            "id": "61561171259534",
            "count": 0
        },
        {
            "id": "61561241245558",
            "count": 0
        },
        {
            "id": "61561338590133",
            "count": 0
        },
        {
            "id": "61561400514605",
            "count": 0
        },
        {
            "id": "61561480104788",
            "count": 0
        },
        {
            "id": "61561480602025",
            "count": 0
        },
        {
            "id": "61561482763717",
            "count": 1
        },
        {
            "id": "61561504684695",
            "count": 6
        },
        {
            "id": "61561577703502",
            "count": 0
        },
        {
            "id": "61561675833300",
            "count": 0
        },
        {
            "id": "61561894881833",
            "count": 0
        },
        {
            "id": "61562078841310",
            "count": 0
        },
        {
            "id": "100000091371004",
            "count": 0
        },
        {
            "id": "100000180546782",
            "count": 0
        },
        {
            "id": "100000493975005",
            "count": 0
        },
        {
            "id": "100000975916829",
            "count": 0
        },
        {
            "id": "100001134374202",
            "count": 0
        },
        {
            "id": "100001378940139",
            "count": 0
        },
        {
            "id": "100002069461985",
            "count": 0
        },
        {
            "id": "100002410780054",
            "count": 0
        },
        {
            "id": "100002694023790",
            "count": 0
        },
        {
            "id": "100008884051303",
            "count": 0
        },
        {
            "id": "100009713618289",
            "count": 0
        },
        {
            "id": "100015708247902",
            "count": 0
        },
        {
            "id": "100016695791997",
            "count": 0
        },
        {
            "id": "100024487176902",
            "count": 0
        },
        {
            "id": "100024871212620",
            "count": 0
        },
        {
            "id": "100030954885607",
            "count": 0
        },
        {
            "id": "100034091254428",
            "count": 0
        },
        {
            "id": "100035784397586",
            "count": 0
        },
        {
            "id": "100037593563528",
            "count": 0
        },
        {
            "id": "100038791595043",
            "count": 0
        },
        {
            "id": "100040761302134",
            "count": 0
        },
        {
            "id": "100045304601411",
            "count": 0
        },
        {
            "id": "100047152010637",
            "count": 0
        },
        {
            "id": "100047541426767",
            "count": 0
        },
        {
            "id": "100048031278514",
            "count": 0
        },
        {
            "id": "100048286966787",
            "count": 0
        },
        {
            "id": "100052779910091",
            "count": 0
        },
        {
            "id": "100053218521866",
            "count": 0
        },
        {
            "id": "100053800224181",
            "count": 0
        },
        {
            "id": "100054303594421",
            "count": 0
        },
        {
            "id": "100055154154050",
            "count": 0
        },
        {
            "id": "100057833711440",
            "count": 0
        },
        {
            "id": "100058065219533",
            "count": 0
        },
        {
            "id": "100059359812049",
            "count": 0
        },
        {
            "id": "100063511596412",
            "count": 0
        },
        {
            "id": "100063600331393",
            "count": 0
        },
        {
            "id": "100064278264751",
            "count": 0
        },
        {
            "id": "100066466111271",
            "count": 0
        },
        {
            "id": "100067508386723",
            "count": 0
        },
        {
            "id": "100067881642043",
            "count": 0
        },
        {
            "id": "100068154438111",
            "count": 0
        },
        {
            "id": "100069734055968",
            "count": 19
        },
        {
            "id": "100069770504095",
            "count": 0
        },
        {
            "id": "100073559550939",
            "count": 0
        },
        {
            "id": "100073716161851",
            "count": 0
        },
        {
            "id": "100074937832297",
            "count": 0
        },
        {
            "id": "100075257589006",
            "count": 0
        },
        {
            "id": "100075483583874",
            "count": 0
        },
        {
            "id": "100075749109250",
            "count": 0
        },
        {
            "id": "100075871086404",
            "count": 0
        },
        {
            "id": "100075885595966",
            "count": 0
        },
        {
            "id": "100076638397915",
            "count": 0
        },
        {
            "id": "100077357784642",
            "count": 0
        },
        {
            "id": "100079027159606",
            "count": 0
        },
        {
            "id": "100079577807941",
            "count": 0
        },
        {
            "id": "100080476122191",
            "count": 0
        },
        {
            "id": "100081603604500",
            "count": 0
        },
        {
            "id": "100082668132301",
            "count": 0
        },
        {
            "id": "100083353947585",
            "count": 0
        },
        {
            "id": "100084035917282",
            "count": 0
        },
        {
            "id": "100084142453798",
            "count": 0
        },
        {
            "id": "100084196257689",
            "count": 0
        },
        {
            "id": "100084794796348",
            "count": 0
        },
        {
            "id": "100085924904310",
            "count": 0
        },
        {
            "id": "100086103895193",
            "count": 0
        },
        {
            "id": "100086760823353",
            "count": 0
        },
        {
            "id": "100088397235506",
            "count": 0
        },
        {
            "id": "100088968683732",
            "count": 0
        },
        {
            "id": "100089195796584",
            "count": 0
        },
        {
            "id": "100089817754991",
            "count": 7
        },
        {
            "id": "100089947783039",
            "count": 0
        },
        {
            "id": "100090073282948",
            "count": 0
        },
        {
            "id": "100090083860810",
            "count": 0
        },
        {
            "id": "100090095755829",
            "count": 0
        },
        {
            "id": "100090794779367",
            "count": 0
        },
        {
            "id": "100090936696078",
            "count": 0
        },
        {
            "id": "100091738788586",
            "count": 0
        },
        {
            "id": "100091819506354",
            "count": 0
        },
        {
            "id": "100092175162232",
            "count": 0
        },
        {
            "id": "100092689910250",
            "count": 0
        },
        {
            "id": "100092744481406",
            "count": 0
        },
        {
            "id": "100094314882749",
            "count": 0
        },
        {
            "id": "100094868498766",
            "count": 0
        },
        {
            "id": "100095339863319",
            "count": 0
        }
    ],
    "day": [
        {
            "id": "1074281870",
            "count": 0
        },
        {
            "id": "1151048980",
            "count": 0
        },
        {
            "id": "1162050272",
            "count": 0
        },
        {
            "id": "1270787329",
            "count": 0
        },
        {
            "id": "1334285798",
            "count": 0
        },
        {
            "id": "1489675800",
            "count": 0
        },
        {
            "id": "1631016269",
            "count": 0
        },
        {
            "id": "1824557330",
            "count": 0
        },
        {
            "id": "61550029390255",
            "count": 0
        },
        {
            "id": "61550069737865",
            "count": 0
        },
        {
            "id": "61550836846039",
            "count": 0
        },
        {
            "id": "61550962658401",
            "count": 0
        },
        {
            "id": "61552097327563",
            "count": 0
        },
        {
            "id": "61552161478075",
            "count": 0
        },
        {
            "id": "61552728041980",
            "count": 0
        },
        {
            "id": "61554102537426",
            "count": 0
        },
        {
            "id": "61554232212387",
            "count": 0
        },
        {
            "id": "61554413423634",
            "count": 0
        },
        {
            "id": "61554476535541",
            "count": 0
        },
        {
            "id": "61554491365526",
            "count": 0
        },
        {
            "id": "61554620715942",
            "count": 6
        },
        {
            "id": "61554980226255",
            "count": 0
        },
        {
            "id": "61555584331073",
            "count": 0
        },
        {
            "id": "61555801335403",
            "count": 0
        },
        {
            "id": "61555879201101",
            "count": 0
        },
        {
            "id": "61555903830473",
            "count": 0
        },
        {
            "id": "61555968525167",
            "count": 0
        },
        {
            "id": "61556172547313",
            "count": 0
        },
        {
            "id": "61556412672355",
            "count": 0
        },
        {
            "id": "61557392767562",
            "count": 0
        },
        {
            "id": "61557465006596",
            "count": 0
        },
        {
            "id": "61557491458948",
            "count": 0
        },
        {
            "id": "61557511844986",
            "count": 0
        },
        {
            "id": "61557535375623",
            "count": 0
        },
        {
            "id": "61557543538603",
            "count": 0
        },
        {
            "id": "61557787947989",
            "count": 0
        },
        {
            "id": "61558026587825",
            "count": 0
        },
        {
            "id": "61558508996237",
            "count": 0
        },
        {
            "id": "61558538221219",
            "count": 0
        },
        {
            "id": "61558691518366",
            "count": 0
        },
        {
            "id": "61558740718763",
            "count": 0
        },
        {
            "id": "61559056566583",
            "count": 0
        },
        {
            "id": "61559191539569",
            "count": 1
        },
        {
            "id": "61559202959520",
            "count": 0
        },
        {
            "id": "61559299354362",
            "count": 0
        },
        {
            "id": "61559609205525",
            "count": 0
        },
        {
            "id": "61559784001787",
            "count": 0
        },
        {
            "id": "61559791946211",
            "count": 0
        },
        {
            "id": "61559819535232",
            "count": 0
        },
        {
            "id": "61559826159379",
            "count": 0
        },
        {
            "id": "61559847404066",
            "count": 0
        },
        {
            "id": "61559885227835",
            "count": 0
        },
        {
            "id": "61559946639364",
            "count": 0
        },
        {
            "id": "61559948758595",
            "count": 0
        },
        {
            "id": "61560007723175",
            "count": 0
        },
        {
            "id": "61560011177115",
            "count": 0
        },
        {
            "id": "61560056462579",
            "count": 3
        },
        {
            "id": "61560082386400",
            "count": 0
        },
        {
            "id": "61560120277646",
            "count": 0
        },
        {
            "id": "61560179044114",
            "count": 0
        },
        {
            "id": "61560226303064",
            "count": 0
        },
        {
            "id": "61560253593251",
            "count": 0
        },
        {
            "id": "61560299746623",
            "count": 0
        },
        {
            "id": "61560303750962",
            "count": 0
        },
        {
            "id": "61560310230589",
            "count": 0
        },
        {
            "id": "61560336212961",
            "count": 0
        },
        {
            "id": "61560348435660",
            "count": 0
        },
        {
            "id": "61560365843222",
            "count": 0
        },
        {
            "id": "61560378557325",
            "count": 0
        },
        {
            "id": "61560395143700",
            "count": 0
        },
        {
            "id": "61560396145592",
            "count": 0
        },
        {
            "id": "61560459479211",
            "count": 0
        },
        {
            "id": "61560466048695",
            "count": 0
        },
        {
            "id": "61560480427257",
            "count": 0
        },
        {
            "id": "61560495700956",
            "count": 0
        },
        {
            "id": "61560500079066",
            "count": 0
        },
        {
            "id": "61560524391499",
            "count": 0
        },
        {
            "id": "61560538974567",
            "count": 0
        },
        {
            "id": "61560539241554",
            "count": 0
        },
        {
            "id": "61560557963979",
            "count": 0
        },
        {
            "id": "61560562555923",
            "count": 0
        },
        {
            "id": "61560565831976",
            "count": 7
        },
        {
            "id": "61560768540500",
            "count": 0
        },
        {
            "id": "61560769867326",
            "count": 0
        },
        {
            "id": "61560810777107",
            "count": 0
        },
        {
            "id": "61560814022292",
            "count": 0
        },
        {
            "id": "61560835693888",
            "count": 0
        },
        {
            "id": "61560855728440",
            "count": 0
        },
        {
            "id": "61560888246743",
            "count": 0
        },
        {
            "id": "61560897282391",
            "count": 0
        },
        {
            "id": "61560898555280",
            "count": 0
        },
        {
            "id": "61560901019783",
            "count": 0
        },
        {
            "id": "61561014425567",
            "count": 0
        },
        {
            "id": "61561017428746",
            "count": 0
        },
        {
            "id": "61561023902681",
            "count": 0
        },
        {
            "id": "61561130859334",
            "count": 0
        },
        {
            "id": "61561145224385",
            "count": 0
        },
        {
            "id": "61561171259534",
            "count": 0
        },
        {
            "id": "61561241245558",
            "count": 0
        },
        {
            "id": "61561338590133",
            "count": 0
        },
        {
            "id": "61561400514605",
            "count": 0
        },
        {
            "id": "61561480104788",
            "count": 0
        },
        {
            "id": "61561480602025",
            "count": 0
        },
        {
            "id": "61561482763717",
            "count": 1
        },
        {
            "id": "61561504684695",
            "count": 6
        },
        {
            "id": "61561577703502",
            "count": 0
        },
        {
            "id": "61561675833300",
            "count": 0
        },
        {
            "id": "61561894881833",
            "count": 0
        },
        {
            "id": "61562078841310",
            "count": 0
        },
        {
            "id": "100000091371004",
            "count": 0
        },
        {
            "id": "100000180546782",
            "count": 0
        },
        {
            "id": "100000493975005",
            "count": 0
        },
        {
            "id": "100000975916829",
            "count": 0
        },
        {
            "id": "100001134374202",
            "count": 0
        },
        {
            "id": "100001378940139",
            "count": 0
        },
        {
            "id": "100002069461985",
            "count": 0
        },
        {
            "id": "100002410780054",
            "count": 0
        },
        {
            "id": "100002694023790",
            "count": 0
        },
        {
            "id": "100008884051303",
            "count": 0
        },
        {
            "id": "100009713618289",
            "count": 0
        },
        {
            "id": "100015708247902",
            "count": 0
        },
        {
            "id": "100016695791997",
            "count": 0
        },
        {
            "id": "100024487176902",
            "count": 0
        },
        {
            "id": "100024871212620",
            "count": 0
        },
        {
            "id": "100030954885607",
            "count": 0
        },
        {
            "id": "100034091254428",
            "count": 0
        },
        {
            "id": "100035784397586",
            "count": 0
        },
        {
            "id": "100037593563528",
            "count": 0
        },
        {
            "id": "100038791595043",
            "count": 0
        },
        {
            "id": "100040761302134",
            "count": 0
        },
        {
            "id": "100045304601411",
            "count": 0
        },
        {
            "id": "100047152010637",
            "count": 0
        },
        {
            "id": "100047541426767",
            "count": 0
        },
        {
            "id": "100048031278514",
            "count": 0
        },
        {
            "id": "100048286966787",
            "count": 0
        },
        {
            "id": "100052779910091",
            "count": 0
        },
        {
            "id": "100053218521866",
            "count": 0
        },
        {
            "id": "100053800224181",
            "count": 0
        },
        {
            "id": "100054303594421",
            "count": 0
        },
        {
            "id": "100055154154050",
            "count": 0
        },
        {
            "id": "100057833711440",
            "count": 0
        },
        {
            "id": "100058065219533",
            "count": 0
        },
        {
            "id": "100059359812049",
            "count": 0
        },
        {
            "id": "100063511596412",
            "count": 0
        },
        {
            "id": "100063600331393",
            "count": 0
        },
        {
            "id": "100064278264751",
            "count": 0
        },
        {
            "id": "100066466111271",
            "count": 0
        },
        {
            "id": "100067508386723",
            "count": 0
        },
        {
            "id": "100067881642043",
            "count": 0
        },
        {
            "id": "100068154438111",
            "count": 0
        },
        {
            "id": "100069734055968",
            "count": 19
        },
        {
            "id": "100069770504095",
            "count": 0
        },
        {
            "id": "100073559550939",
            "count": 0
        },
        {
            "id": "100073716161851",
            "count": 0
        },
        {
            "id": "100074937832297",
            "count": 0
        },
        {
            "id": "100075257589006",
            "count": 0
        },
        {
            "id": "100075483583874",
            "count": 0
        },
        {
            "id": "100075749109250",
            "count": 0
        },
        {
            "id": "100075871086404",
            "count": 0
        },
        {
            "id": "100075885595966",
            "count": 0
        },
        {
            "id": "100076638397915",
            "count": 0
        },
        {
            "id": "100077357784642",
            "count": 0
        },
        {
            "id": "100079027159606",
            "count": 0
        },
        {
            "id": "100079577807941",
            "count": 0
        },
        {
            "id": "100080476122191",
            "count": 0
        },
        {
            "id": "100081603604500",
            "count": 0
        },
        {
            "id": "100082668132301",
            "count": 0
        },
        {
            "id": "100083353947585",
            "count": 0
        },
        {
            "id": "100084035917282",
            "count": 0
        },
        {
            "id": "100084142453798",
            "count": 0
        },
        {
            "id": "100084196257689",
            "count": 0
        },
        {
            "id": "100084794796348",
            "count": 0
        },
        {
            "id": "100085924904310",
            "count": 0
        },
        {
            "id": "100086103895193",
            "count": 0
        },
        {
            "id": "100086760823353",
            "count": 0
        },
        {
            "id": "100088397235506",
            "count": 0
        },
        {
            "id": "100088968683732",
            "count": 0
        },
        {
            "id": "100089195796584",
            "count": 0
        },
        {
            "id": "100089817754991",
            "count": 7
        },
        {
            "id": "100089947783039",
            "count": 0
        },
        {
            "id": "100090073282948",
            "count": 0
        },
        {
            "id": "100090083860810",
            "count": 0
        },
        {
            "id": "100090095755829",
            "count": 0
        },
        {
            "id": "100090794779367",
            "count": 0
        },
        {
            "id": "100090936696078",
            "count": 0
        },
        {
            "id": "100091738788586",
            "count": 0
        },
        {
            "id": "100091819506354",
            "count": 0
        },
        {
            "id": "100092175162232",
            "count": 0
        },
        {
            "id": "100092689910250",
            "count": 0
        },
        {
            "id": "100092744481406",
            "count": 0
        },
        {
            "id": "100094314882749",
            "count": 0
        },
        {
            "id": "100094868498766",
            "count": 0
        },
        {
            "id": "100095339863319",
            "count": 0
        }
    ],
    "time": 3
}